"Sneaker Design Coloring Book: Sneakerheads, Unleash Your Creativity and Style Your Own Kicks!  "
"Country life scenes coloring book for adults: 51 pages of the tranquility of country life, , Enchanting Wildlife, Captivating...""Exciting, relaxing, and great for disconnecting."" (Spanish Edition)  "
fantasy coloring books for adults: A Magical Adventure for Teens and Adults  
"Adult Coloring Book: A Blissful Journey of Color & Calm for Relaxation, an Amazing Coloring Book for Adults Contains Landscape, Nature, Birds.....promotes Relaxation & Inner Peace  "
"Freshwater Fish of North America Coloring Book for Kids, Teens & Adults: Over 80 Fish for Your Fisherman to Color  "
Coloring Book For Men: Fishing Designs  
"Fishing coloring book for adults: For Fishermen enthusiasts and Fishing coloring book for men with fishing scenes, fishing lures and fishing ... and boys. Freshwater fish and ocean fish  "
"Fishing Coloring Book: Fishing Colouring Book for Adults and Kids | Fishes, Roads, Boats - Perfect Gift for Fisherman  "
Fishing Coloring Book for Adults: Black Background: Stress Relieving Underwater Ocean Theme For Men And Women; Art Therapy Anti-Stress Designs And Patterns For Relaxation  
Fishing Lures - Coloring book (Colouring books)  
"Captivating Escapes: An Enchanting Adult Coloring Book with Over 75 Pages of Intricate Designs - Featuring Animals, Nature, Mandalas, and Serene ... of Mindful Coloring and Creative Relaxation  "
American Football Coloring Book: 58 Artistic Illustrations of Famous Players and Team Logos  
BIG Coloring Book 0f Favorite BEST Things About THE FOUR SEASONS: 53 Fun & Easy Seasonal Designs for All Ages  
Fishing Coloring Book For Men: Inspirational Quote And Sayings About Fishing Coloring Book For Adults - Fishing Quote Coloring Book  
Fishing Coloring Book For Adults: A Fun Fishing Adult Coloring Book With Funny Fishing Quotes on Mandala Patterns and With 50 Unique Designs For Fishing Lovers Gifts  
"Hunting Coloring Book: An Hunting Coloring Book with duck hunting , fishing , Amusement, Stress Relieving & much more For Adults, Men, Girls, Boys & Teens.  "
Koi Fish Coloring Book for Adults  
Autumn Word Search for Adults: Large Print  
"Desert Town: An Adult Coloring Book Featuring Stunning Desert Landscapes, Beautiful Southwestern Architecture and Captivating Cacti Art  "
"The Knot Tying Bible: Climbing, Camping, Sailing, Fishing, Everyday  "
"The Ultimate Variety Memory Activity Book For Adults and Seniors: Fun & Relaxing Memory Activities, Brain Games and Puzzles  "
The Ultimate Fish Coloring Book: A Great Fishing Gift for Dad and Friends with 50 Fishes to Color  
"A Hunting and Fishing Coloring Book: A Coloring Book about Hunting. Deer, Turkey, Bear, Fish and more for Men and Women to Color.: Art Therapy and Anti-Stress Designs for the Hunter  "
Wishing I Was Fishing Coloring Book For Those Who Fish & Have A Sense Of Humor: Snarky Fun Fishing Quotes & Fishy Pictures To Color For Relaxation ... For Sassy Saucy Men Women Adults Teens  
National Geographic Magnificent Ocean: A Coloring Book  
"Dad, I Want to Hear Your Story: A Fatherâ€™s Guided Journal To Share His Life & His Love (Hear Your Story Books)  "
"100 Wildlife Scenes: An Adult Coloring Book Featuring 100 Most Beautiful Wildlife Scenes with Animals, Birds and Flowers from Oceans, Jungles, Forests and Savannas  "
"HUNTING COLORING BOOK: A coloring book for hunters and lovers of outdoor sports and nature. 80 realistic illustrations to color, for adults and kids.  "
For a Great Fisherman Who Has Everything: A Funny Fishing Book for Fishermen (For People Who Have Everything Series)  
"Vintage Cars and Trucks Coloring Book for Adults and Children of all ages: Hot Rods, American Muscle Cars & Vintage Classic Trucks Adult Coloring Book ... (The Ultimate Car Coloring Book Collection!)  "
"Crazy True Tales - A funny book for adults: Anecdotes and hilarious true stories. For the coffee table, bathroom or as a conversation starter  "
"101 Fantasy Patterns Adult Coloring Book: Incredible Patterns for Easy Mindfulness Coloring, Stress Relief, and Relaxation - A Whimsical Adult ... and Homes in Black Line and Grayscale Images  "
Creative Haven Country Scenes Coloring Book: Relax & Find Your True Colors (Adult Coloring Books: In The Country)  
Freshwater Fish (Learn & Color Nature)  
Koi fish Coloring Book for Adults: Beautiful Japanese Koi Fish Coloring Book Anti-Stress Relief and Adults Relaxation (Koi Fish Coloring Book)  
Anxiety Relief Coloring Book For Adults: Anxiety Relief Adult Coloring Book | A Mindfulness Coloring Book to Soothe Anxiety | Stress Relief Coloring ... and Stress Relieving | More than 100 Pages  
"Retirement Coloring Book for Men: Adult Coloring Book For Retired Men, 45 Amazing Coloring Pages for Stress Relief & Relaxation, A Funny Retirement ... Retired Dad, Grandpa, Friends and Colleague.  "
"Fish Coloring Book: Over 50 Coloring Designs for All Ages, Ocean Coloring Book  "
Awesome Marine - Adult Coloring Book | 40 beautiful marine scenes | Mindfulness and Anti-Stress Coloring (Anxiety Coloring Book) (Awesome Coloring ... | Coloring Books for Adults Relaxation)  
"Fish of Michigan Coloring Book for Kids, Teens & Adults: A Collection of Popular Freshwater Fish to Color  "
Creative Haven Sea Life Color by Number Coloring Book (Adult Coloring Books: Sea Life)  
"Tattoos Grayscale: An Adult Coloring Book with Awesome, Sexy, and Relaxing Tattoo Designs for Men and Women  "
"100 Animals: An Adult Coloring Book with Lions, Elephants, Owls, Horses, Dogs, Cats, and Many More!  "
Adult Coloring Book : 60 Stress Relieving Animals Designs: A Lot of Relaxing and Beautiful Scenes for Adults or Kids  
"Freshwater Fish of Florida Coloring Book for Kids, Teens & Adults: Over 40 Fish for Your Fisherman to Color  "
"Fishing Coloring Book: 50 Unique Pages of Captivating Fishing Scenes, Serene Rivers, Tranquil Lakes, and Charming Animals | Adult Coloring Book for ... (Outdoor Exploration Coloring Books)  "
Learn A Lot While You Sit On The Pot: Funny Bathroom Trivia Book For Adults & Older Teens  
"Fishing Word Search Puzzle Book: Word Searches with Large Print about Fishing, Oceans, Fishes and More | 7x10 inches, 52 pages | 40 Puzzles & 600 ... Gift for Vacations, Holidays and Free Times  "
"Amazing Animals: Adult Coloring Book, Stress Relieving Mandala Animal Designs  "
"Freshwater Fish of North Carolina Coloring Book for Kids, Teens & Adults: A Collection of Popular Freshwater Fish to Color  "
Koi Fish Adult Coloring Book: Gorgeous Koi Fish Designs to Color for Relaxation and Stress Relief for Adults Great Present Get Relax and Have Fun  
"Incredible--and True!--Fishing Stories: Hilarious Feats of Bravery, Tales of Disaster and Revenge, Shocking Acts of Fish Aggression, Stories of Impossible Victories and Crushing Defeats  "
Koi Fish Adult Coloring Book: Featuring Amazing Japanese Koi Fishes Drawings 50 Professional Illustrations Designs to Color for Relaxation and Stress Relief for Adults  
Hunting Adult Coloring Book  
Shampooches: An Adult Coloring Book  
Fishing Quotes Black Background Coloring Book : 50 Cool and Funny Fishing Quotes Illustration Designs / Fishing Coloring Book For Adults  
Creative Haven By the Sea Color by Number (Adult Coloring Books: Sea Life)  
"Fishing Coloring Book: Stress Relieving For True Fishing Lovers! Fisherman, Fishes, Lakes Designs For Kids and Adults Relaxation  "
The Coastal Coloring Book for Adults: A beach themed coloring book for a new generation by Josh Schieffer  
