"Just A Bad Girl With Her Naughty Mind, Dirty Swear Word Coloring Book For Women: Funny Bad Words Coloring Pages For Her, Funny Curse Words Quotes For Stress Relief  "
FUCK OFF I'M COLORING DICKS SWEAR WORD COLORING BOOK: Naughty Penis Coloring Book For Adults Containing 50 Stress Reliving Funny Cock Coloring Pages ... Style Adult Colouring Books(DARK EDITION).  
"Naughty Thoughts For Her Curse Word Coloring Book Adult Coloring Book: Dirty Talk Swear Word Coloring Book, Bad Word Coloring Book for Women  "
"A Funny Cock Coloring Book For Women: A Adult Coloring Book Containing 50 Funny Relaxing Dick Colouring Pages..... Party Awesome Gift idea, Extreme ... Penis Designs for grown-ups (Dark Edition)  "
Potty Mouth Food: An Adorable Cuss Word Coloring Book for Adults  
Bend Me Over And... Fun and Naughty Swear Word Coloring Book for Women: Floral Coloring Pages With Flirty and Dirty Quotes  
"A Dirty Adult Coloring Book for Women: A Filthy & Naughty Coloring Book Filled With Funny Dirty Quotes: Designed to Make You Laugh, Help You Relax and Color Your Stress Away.  "
"Naughty Mind, Dirty Swear Word Coloring Book For Adults, Women: Curse Words Coloring Pages For Her, Funny Bad Words Quotes For Stress Relief  "
"All The Naughty Things I Want To Say But Can't, Dirty Swear Word Coloring Book For Women: Funny Bad Words Coloring Pages For Her, Funny Curse Words Quotes For Stress Relief  "
Fantasy Grimm fairy Fashion Coloring Book: adults coloring book with womens naughty sexy mythical girls grimm fairy tals in grayscale  
Peckerheads (Condensed Edition): Cute Penis Coloring Book for Adults  
"Perverted Adult Coloring Book For Women With Naughty Mind: Funny Gag Gifts, Erotic Swear, Dirty Talk, Sexy Cuss Word 50 Pages For Stress And Anxiety Relief Activity  "
"Her Naughty Mind: Swear Word Coloring Book for Adults and Women, with Funny, Dirty Quotes and Curse Words  "
Dirty Talk Phrases Adult Coloring Book For Women: A Filthy & Naughty Adult Coloring Book for Stress Relieving & Relaxing - Designed to Help You Relax and Color Your Stress Away and Make You Laugh  
"Naughty Coloring Book for Adult: Sexy NSFW Adult Coloring Book, Adult Sexy Illustrations with High Quality in Black and White  "
"50 SHADES OF DICKS: Hilarious Cock Coloring Book For Adults 50 Stress Relieving Pages Dick Coloring Book : Bachelorette Party Gift PenisColoring Book For Adults, Naughty Gift.  "
Cat Butt: An Off-Color Adult Coloring Book for Cat Lovers  
Adult Swear Word Coloring Book You Are Fucking Beautiful: Funny Sweary Affirmations and Motivational Quotation Designs for Relaxation and Stress Relief (Swear Word Coloring Books for Women)  
"Adult Swear Words Coloring Book: Live, Laugh, Fuck Off: Swear Words Colouring Book for Adults | Sweary Coloring Book for Stress Relief and Relaxation | Adult Coloring Book Cuss Words  "
"I Run on Coffee, Curse Words & Inappropriate Thoughts: A Sweary Coloring Book for Adults with Motivational Quotes, For Stress Relief and Relaxation (Swear Word Coloring Book Series)  "
Fucking Adorable - Cute Critters with foul Mouths  
You're a Mother F*cking Badass: Motivational & Inspirational Swear Word Coloring Book for Adults  
Shove It Up Your F*cking A**: Adult Coloring Book  
A Swear Word Coloring Book for Adults  
Things I Want To Say At Work But Can't: Swear Word Coloring Book For Adults  
Sweary Motivational Quotes: Adult Coloring Book With Inspirational Swear Word For Stress Relief And Relaxation  
F*ck Off! This is MY Coloring Book: The Very F*cking Best of John T | Swear word adult coloring book pages with stress relieving and relaxing designs!  
The Big Adventures of Tiny Dick: Adult Coloring Book  
"You're Awesome: Coloring Book Of Inspirational Quotes To Boost Your Mood and Confidence For Women, Teens & Adults  "
The Screaming Goat (Book & Figure)  
An Inspirational Colouring Book For Everyone: Be Fearless In The Pursuit Of What Sets Your Soul On Fire  
Motivational Swearing Quotes: A Swear Word Adult Coloring Book with Stress Relieving Designs and Funny Sweary Inspirational Quotes (Gag Gift for Swearing Lovers)  
You Fucking Got This : Motivational Swear Words Coloring Book: Swear Word Colouring Books for Adults: Swearing Colouring Book Pages for Stress Relief ... Funny Journals and Adult Coloring Books)  
The Big Adventures of the Cute Vajayjay Coloring Book: Discover Funny Vagina Coloring Book for Adults and Humorous Gift for Bachelor or Bachelorette Party | Suitable for Men and Women  
"Dark Beauty Horror Coloring Book for Adults: Spine Chilling Illustrations of Creepy, Haunting, Enchanting, Gorgeous Ladies of Darkness to Provide Stress Relief and Relaxation to All Colorists  "
"Mandala Coloring Book for Adults with Thick Artist Quality Paper, Hardback Covers, and Spiral Binding by ColorIt  "
Mindful Patterns Coloring Book for Adults: An Adult Coloring Book with Easy and Relieving Mindful Patterns Coloring Pages Prints for Stress Relief & ... Mandala Style Patterns Decorations to Color.  
A Naughty Adult Coloring Book for Women: Dirty Talk Phrases Coloring Book / 40 Kinky Phrases with Flowers & Mandala  
"Naughty Word Search Dirty Word Search for Adults: Funny Word Search for Adults, Gag Gift for Adults, Large Print Word Search for Adults  "
People of Walmart Adult Coloring Book: Rolling Back Dignity  
"101 Flowers: A Beautiful & Relaxing Adult Coloring Book of Floral Designs.: Great Gift for Nature Lovers, Moms, Women, and Seniors. ‚óè Stress & Anxiety Relief  "
"Fuck This Shit: A Motivational Swear Word Coloring Book, Hilarious Swear Words Coloring Book: Swear Word Filled Adult Coloring Books for Adults: Swearing Colouring Book Pages for Stress  "
Shove It Up Your Fucking Ass Adult Coloring Book: Swear Words Coloring Book for Adults: Funny Coloring Books for Women and Men: Cuss word Colouring Books: Relaxation & Stress Relieving  
"Cock Coloring Book For Adults-A Hilarious Penis Color for relaxation: Grown-ups Dick Designs filled with Paisley, Henna and Mandala Patterns ... appreciation Bachelorette Party Gifts Idea  "
"Amazing Patterns Adult Coloring Book: Featuring 54 Beautiful & Relaxing Pattern Designs for Stress Relief and Relaxation, with Floral and Mandala Patterns  "
"FUCK OFF I'M COLORING DICKS: DARK EDITION : Funny Cock Coloring Books For Adults, Penis Adult Coloring Book 50 Stress Reliving Witty and Naughty Cocks ... Books(Dick Colouring Books For Adults)  "
"Dirty Talk Phrases Coloring Book For Adults: Naughty and Kinky Coloring Pages with Sexy Phrases for Women, Great Gift Idea For Her  "
"Adult Coloring Book for Women - Mindfulness Coloring Book with Personal Growth Prompts - Stress Relief Book for Adults Relaxation, Anxiety Color Book  "
